Event,Key,Team Number,Search Qualifier ,Team Name,Photo,Drive Train,One Word,Pit Scouting Notes,Average Score,Average Score Percentile,Percent of Alliance Score,Average Game Pieces Scored,Average Cones Scored,Average Cubes Scored,Average Auto Game Pieces Scored,Average Auto Cone Score,Average Auto Cube Score,Average Auto Cones ,Average Auto Cubes,Average Tele Game Pieces Scored,Average Tele Cone Score,Average tele Cube Score,Average Tele Cones,Average Tele Cubes,Mobility Percentage ,Auto Engaged Percentage ,Average Auto Score,Average Tele Score,Average Endgame Score,Total Whiffs auto,Total Docks Auto,Total Engages Auto,Total Whiffs Teleop,Total Parks Teleop,Total Docks Telop,Total Engages Teleop,Cycle Time,Preload Type,Cone/Cube Prefrence ,Buddy Climb,Focus Areas,Average Links,Avg total charge,Avg Auto Charge,Avg Tele Charge,Avg Rank Points,Calculated Average Score,Width,Mark
2023misjo,frc1940,1940,2023misjo-1940,Tech Tigers 1940,Pit Scouting_Images/b6be9cc4.Picture.135502.jpg,Tank,Fast,,12.33,0.24,21.65%,0.75,0.00,0.75,0.00,0.00,0.00,0.00,0.00,0.75,0,1.5,0,0.75,58.33%,0.00%,2.06,1.5,7,11,1,0,2,2,0,8,180s,Cube,Cube,,,0.28,3.83,0.6666666667,7.0,1.58,12.31,,
2023misjo,frc2767,2767,2023misjo-2767,Stryke Force,Pit Scouting_Images/72695406.Picture.144351.jpg,Swerve,Fast,,43.33,0.87,47.40%,5.08,3.83,1.25,1.25,4.50,2.17,0.83,0.42,3.83,11.58,2.83,3,0.83,100.00%,8.00%,15.25,14.42,8.33,4,7,1,0,2,1,9,35.25s,Cone,Neither,,,0.58,7.00,5.666666667,8.3,2.67,41.00,,
2023misjo,frc2959,2959,2023misjo-2959,Robotarians,,Swerve,Defense,Good defense because of swerve drive,14.08,0.53,22.75%,1.83,1.17,0.67,0.75,2.08,1.00,0.50,0.25,1.08,1.58,1.08,0.67,0.42,83.33%,0.00%,4.33,2.67,4.17,12,0,0,3,3,4,2,125s,Cube,Neither,,,0.25,2.08,0,4.2,1.00,13.67,,
2023misjo,frc3452,3452,2023misjo-3452,GreengineerZ,Pit Scouting_Images/a666b168.Picture.134128.jpg,Swerve,Crazy,,11.00,0.32,19.99%,1,0.92,0.08,0.00,0.00,0.00,0.00,0.00,1,2.33,0.17,0.92,0.08,66.67%,0.00%,2.33,2.5,4.33,11,1,0,4,3,1,4,135s,Cube,Cone ,,,0.33,2.50,0.6666666667,4.3,1.00,11.17,,
2023misjo,frc3604,3604,2023misjo-3604,Goon Squad,,Swerve,"dAVE (heavy, big)","Spaghetti pickup, cube pickup is good",19.25,0.42,31.01%,3,0.75,2.25,0.50,1.50,0.50,0.42,0.08,2.5,0.67,8.42,0.33,2.17,41.67%,0.00%,3.67,9.08,5.67,12,0,0,2,3,2,5,54s,Cone,Cube,,,0.33,2.83,0,5.7,1.17,19.67,,
2023misjo,frc3620,3620,2023misjo-3620,Average Joes,Pit Scouting_Images/dc9e6cf0.Picture.235659.jpg,Swerve,Awesome,No,36.83,0.89,45.28%,4.08,2.58,1.50,1.00,6.00,0.00,1.00,0.00,3.08,7.5,6.83,1.58,1.5,41.67%,50.00%,15.58,14.33,5.67,5,1,6,4,1,1,6,43.83s,Cone,Cone ,,,0.58,6.17,6.666666667,5.7,2.25,36.83,,
2023misjo,frc3658,3658,2023misjo-3658,Robo - Beavers,Unable to load image data. Image may be missing or upload size may be too large for this device. The image may still be in the camera roll on the device.,Tank,Small,Small light charge station,17.92,0.47,31.54%,2.67,0.33,2.33,0.25,0.67,0.33,0.17,0.08,2.42,0.58,5.67,0.17,2.25,50.00%,8.00%,3.81,6.25,6.33,11,0,1,2,2,2,6,55.79s,Cube,Cube,,,0.36,3.67,1,6.3,0.83,17.89,,
2023misjo,frc3875,3875,2023misjo-3875,Red Storm Robotics,,,,,25.75,0.79,41.31%,1.92,1.92,0.00,0.08,0.25,0.00,0.08,0.00,1.83,7.92,0,1.83,0,91.67%,58.00%,9.31,7.92,5.5,4,1,7,3,3,0,6,73.77s,,,,,0.28,6.58,7.666666667,5.5,1.50,25.47,,
2023misjo,frc4237,4237,2023misjo-4237,Team Lance-A-Bot,Pit Scouting_Images/5ef8060a.Picture.133012.jpg,Swerve,Sweet,26 inch? chassis,43.42,0.97,46.18%,3.5,3.00,0.50,0.75,4.00,0.33,0.67,0.08,2.75,10.83,1.08,2.33,0.42,100.00%,92.00%,17.83,11.92,10,1,0,11,0,0,0,12,49.09s,Cone,Cone ,,,0.5,10.50,11,10.0,2.67,42.75,,
2023misjo,frc4325,4325,2023misjo-4325,RoboRangers,Pit Scouting_Images/dafe7518.Picture.140746.jpg,Swerve,Grippy,,23.17,0.63,34.94%,3,2.08,0.92,0.67,0.75,2.50,0.25,0.42,2.33,7.25,2.08,1.83,0.5,25.00%,0.00%,5.47,9.33,7.67,12,0,0,2,1,0,9,57.94s,Cone,Cone ,,,0.44,3.83,0,7.7,1.42,23.22,,
2023misjo,frc4776,4776,2023misjo-4776,S.C.O.T.S. Bots,Pit Scouting_Images/b81e0d9a.Picture.140408.jpg,Swerve,Scorpion,,33.58,0.68,51.33%,4.08,1.92,2.17,0.42,1.25,0.50,0.33,0.08,3.67,7.17,7.17,1.58,2.08,75.00%,25.00%,8.33,14.33,8.67,8,1,3,0,2,0,10,36.78s,Cone,Neither,,,0.58,6.17,3.666666667,8.7,2.00,33.58,,
2023misjo,frc5056,5056,2023misjo-5056,MegaHurtz Robotics,,,,,7.00,0.13,12.37%,0,0.00,0.00,0.00,0.00,0.00,0.00,0.00,0,0,0,0,0,0.00%,0.00%,1.67,0,5.33,12,0,0,2,4,1,5,_,,,,,0.33,2.67,0,5.3,1.42,7.00,,
2023misjo,frc5110,5110,2023misjo-5110,Robo Herd,,,,,14.08,0.45,27.59%,2.75,1.25,1.50,0.83,2.50,0.00,0.83,0.00,1.92,1.17,4.92,0.42,1.5,33.33%,0.00%,3.75,6.08,3.5,12,0,0,3,6,0,3,70.31s,,,,,0.25,1.75,0,3.5,1.25,14.33,,
2023misjo,frc5152,5152,2023misjo-5152,Alotobots,,Swerve,Fast,"Fast, 180 degree arm, can move pieces",43.92,0.84,54.82%,4.58,2.17,2.42,0.00,0.00,0.00,0.00,0.00,4.58,8.83,9.92,2.17,2.42,83.33%,67.00%,12.36,18.75,9.67,1,3,8,0,0,1,11,29.48s,Cube,Cube,,,0.47,9.83,10,9.7,2.00,43.28,,
2023misjo,frc5182,5182,2023misjo-5182,Chieftainators,Pit Scouting_Images/f5333d27.Picture.002245.jpg,Mecanum,Sketchy,They just handed me a sheet to go off of.,17.42,0.37,27.27%,2.42,0.42,2.00,0.33,0.75,0.75,0.17,0.17,2.08,0.75,7.17,0.25,1.83,41.67%,0.00%,3.44,7.92,5,12,0,0,0,7,1,4,64.9s,Neither,Cone ,,,0.39,2.50,0,5.0,1.33,17.61,,
2023misjo,frc5227,5227,2023misjo-5227,Eagle Elite,Pit Scouting_Images/d97db742.Picture.132728.jpg,Tank,Support,"Prefers link, strong auto",18.83,0.58,30.04%,3.42,1.08,2.33,0.83,0.33,4.00,0.08,0.75,2.58,2.58,5.33,1,1.58,83.33%,0.00%,5.17,7.92,3.67,12,0,0,0,9,1,2,52.33s,Cube,Cube,,,0.17,1.83,0,3.7,1.25,19.25,,
2023misjo,frc5247,5247,2023misjo-5247,Red Devil Robotics,Pit Scouting_Images/2c548ab9.Picture.001524.jpg,Tank,Tank,Lot of 3d printed parts,13.67,0.34,23.86%,1.75,1.33,0.42,0.17,0.75,0.00,0.17,0.00,1.58,5.58,1.25,1.17,0.42,8.33%,8.00%,3,6.83,3.5,11,0,1,1,8,1,2,85.44s,Cone,Neither,,,0.25,2.25,1,3.5,1.00,13.58,,
2023misjo,frc5462,5462,2023misjo-5462,2PawR (2Paw Robotics),Pit Scouting_Images/db0951a1.Picture.235923.jpg,Tank,Wheels,10 wheels,28.00,0.71,38.39%,3.27,2.00,1.27,1.00,0.00,6.00,0.00,1.00,2.27,9.09,1.18,2,0.27,100.00%,0.00%,8.58,10.27,6.55,11,0,0,1,3,1,6,59.47s,Cone,Neither,,,0.52,3.27,0,6.5,1.64,28.39,,
2023misjo,frc5535,5535,2023misjo-5535,Bionic Bison,Pit Scouting_Images/a620815f.Picture.141222.jpg,Swerve,Special,None,22.08,0.74,34.64%,2.67,0.83,1.83,0.67,0.00,3.83,0.00,0.67,2,2.25,3.67,0.83,1.17,50.00%,8.00%,8.78,5.92,5.67,8,3,1,2,3,2,5,67.5s,Cube,Cube,,,0.39,4.33,3,5.7,1.08,21.86,,
2023misjo,frc5610,5610,2023misjo-5610,Turbulence,Pit Scouting_Images/955a57cf.Picture.140518.jpg,Tank,Strong,"Very good at charging, not good at auto.",16.33,0.50,30.37%,3.08,0.58,2.50,0.50,1.58,0.00,0.50,0.00,2.58,0.17,9.25,0.08,2.5,41.67%,0.00%,4.06,9.42,2.33,11,1,0,4,6,1,1,52.33s,Cone,Cube,,,0.36,1.50,0.6666666667,2.3,1.50,17.06,,
2023misjo,frc5623,5623,2023misjo-5623,Robotic Rams,Pit Scouting_Images/b5fd0de2.Picture.002639.jpg,Tank,Win,,14.67,0.39,27.72%,2,0.58,1.42,0.08,0.50,0.00,0.08,0.00,1.92,1.42,3.92,0.5,1.42,91.67%,0.00%,3.61,5.33,3,9,3,0,2,8,0,2,70.31s,Cube,Neither,,,0.22,2.50,2,3.0,1.33,14.69,,
2023misjo,frc5675,5675,2023misjo-5675,WiredCats,,Swerve,Ours,,43.42,0.92,54.98%,6.33,1.17,5.17,0.92,4.50,1.00,0.75,0.17,5.42,1.67,19.33,0.42,5,25.00%,67.00%,15.67,21,6.33,2,2,8,2,2,2,6,24.91s,No Preference ,Cube,,,0.17,7.83,9.333333333,6.3,1.83,43.75,36.00,
2023misjo,frc5712,5712,2023misjo-5712,Hemlock's Gray Matter,Unable to load image data. Image may be missing or upload size may be too large for this device. The image may still be in the camera roll on the device.,Swerve,Offensive,,47.00,0.95,56.09%,6.58,3.33,3.25,1.08,0.00,6.33,0.00,1.08,5.5,14.25,8.33,3.33,2.17,58.33%,33.00%,16.33,22.58,7.83,4,4,4,1,1,2,8,24.55s,Cube,Neither,,,0.67,7.25,6.666666667,7.8,1.83,48.50,,
2023misjo,frc5843,5843,2023misjo-5843,Flurb,Pit Scouting_Images/f51bf399.Picture.001518.jpg,Swerve,googley-eyes,,19.75,0.66,34.15%,2.25,1.50,0.75,0.67,3.50,0.00,0.67,0.00,1.58,3,3.58,0.83,0.75,50.00%,0.00%,5.83,6.58,5.67,11,1,0,2,3,2,5,85.44s,Cone,Neither,,,0.33,3.17,0.6666666667,5.7,1.42,19.58,,
2023misjo,frc5927,5927,2023misjo-5927,Globetrotters,Pit Scouting_Images/c1d8d52a.Picture.142115.jpg,Swerve,Derrabe,,19.25,0.61,35.79%,2.33,2.17,0.17,0.58,3.25,0.00,0.58,0.00,1.75,5.08,0.83,1.58,0.17,58.33%,0.00%,5.19,5.92,6.17,12,0,0,1,4,1,6,77.14s,Cone,Cone ,,,0.39,3.08,0,6.2,1.67,19.03,,
2023misjo,frc5980,5980,2023misjo-5980,East Grand Rapids Robotics,Pit Scouting_Images/b2974e59.Picture.002646.jpg,Swerve,Bug,,9.42,0.21,16.81%,1.08,0.08,1.00,0.00,0.00,0.00,0.00,0.00,1.08,0.17,3.17,0.08,1,83.33%,0.00%,1.92,3.33,2.17,11,1,0,3,8,0,1,125s,Neither,Neither,,,0.25,1.42,0.6666666667,2.2,0.83,9.92,,
2023misjo,frc5982,5982,2023misjo-5982,Circuits of Destruction,Pit Scouting_Images/efd204b8.Picture.141531.jpg,Swerve,Quick,,16.92,0.24,33.08%,1.5,1.00,0.50,0.00,0.00,0.00,0.00,0.00,1.5,3.25,2,1,0.5,83.33%,0.00%,2.06,5.25,7,11,1,0,2,1,2,7,90s,Neither,Cube,,,0.28,3.83,0.6666666667,7.0,1.17,16.81,,
2023misjo,frc6002,6002,2023misjo-6002,ZooBOTix,Pit Scouting_Images/6a0e5fc1.Picture.141017.jpg,Swerve,Light,,49.55,1.00,53.31%,4.73,3.18,1.55,0.91,5.45,0.00,0.91,0.00,3.82,11.09,6.73,2.27,1.55,90.91%,91.00%,20,17.82,9.27,1,0,10,0,1,0,10,35.34s,Cone,Cone ,,,0.73,10.09,10.90909091,9.3,2.91,49.82,,
2023misjo,frc6588,6588,2023misjo-6588,Counter-Torque Robotics,Pit Scouting_Images/4f410df4.Picture.142202.jpg,Tank,Defensive,None,16.58,0.13,30.17%,1.92,1.92,0.00,0.00,0.00,0.00,0.00,0.00,1.92,5.33,0,1.92,0,91.67%,0.00%,1.67,5.33,6.83,12,0,0,3,1,0,8,70.31s,Neither,Cone ,,,0.33,3.42,0,6.8,1.33,16.58,,
2023misjo,frc6642,6642,2023misjo-6642,Harrison Stingers of Steel,Pit Scouting_Images/f6746cf9.Picture.141751.jpg,Swerve,Fast,,9.83,0.18,17.82%,1.08,0.00,1.08,0.00,0.00,0.00,0.00,0.00,1.08,0,4.42,0,1.08,75.00%,0.00%,1.78,4.42,1.33,11,1,0,4,8,0,0,125s,Neither,Neither,,,0.22,1.00,0.6666666667,1.3,1.00,9.78,,
2023misjo,frc7210,7210,2023misjo-7210,RoboJackets  7210,Pit Scouting_Images/dd31cfbd.Picture.143650.jpg,Tank,Diverse,,12.00,0.05,23.16%,1.42,1.08,0.33,0.00,0.00,0.00,0.00,0.00,1.42,2.17,0.67,1.08,0.33,33.33%,0.00%,1.25,2.83,6.83,12,0,0,1,3,1,7,95.07s,Cube,Neither,,,0.25,3.42,0,6.8,0.50,11.92,,
2023misjo,frc74,74,2023misjo-74,Team CHAOS,Pit Scouting_Images/c6a2d4c1.Picture.010003.jpg,Swerve,CHAOS,,35.42,0.82,44.98%,4.17,2.25,1.92,0.92,0.75,4.25,0.17,0.75,3.25,9.92,4.08,2.08,1.17,83.33%,25.00%,10.78,14,8.67,9,0,3,0,2,0,10,41.54s,Cone,Cone ,,,0.56,5.83,3,8.7,1.75,35.94,,
2023misjo,frc7809,7809,2023misjo-7809,Valhalla Nation,Unable to load image data. Image may be missing or upload size may be too large for this device. The image may still be in the camera roll on the device.,Cade,Pig,,8.58,0.08,20.48%,1.58,0.17,1.42,0.00,0.00,0.00,0.00,0.00,1.58,0.33,2.83,0.17,1.42,33.33%,0.00%,1.39,3.17,3,12,0,0,2,8,0,2,85.44s,Cone,Cone ,,,0.28,1.50,0,3.0,0.33,8.56,,
2023misjo,frc7814,7814,2023misjo-7814,RV Gearheads,Pit Scouting_Images/d443c146.Picture.143816.jpg,Tank,Wild,None,6.75,0.00,13.42%,0.83,0.00,0.83,0.00,0.00,0.00,0.00,0.00,0.83,0,2.17,0,0.83,0.00%,0.00%,0.83,2.17,3.83,12,0,0,1,8,0,3,162.65s,Cone,Cube,,,0.17,1.92,0,3.8,1.33,6.83,,
2023misjo,frc8126,8126,2023misjo-8126,Control Freaks,Unable to load image data. Image may be missing or upload size may be too large for this device. The image may still be in the camera roll on the device.,Swerve,No,N/A,21.25,0.55,34.96%,2.75,0.17,2.58,0.75,0.00,3.50,0.00,0.75,2,0.58,8.08,0.17,1.83,91.67%,0.00%,4.75,8.67,5.17,12,0,0,3,3,1,5,67.5s,Cube,Neither,,,0.25,2.58,0,5.2,1.50,21.33,,
2023misjo,frc9208,9208,2023misjo-9208,Eddies Circuit,Pit Scouting_Images/a67fd07f.Picture.235947.jpg,Tank,Reliable,Brake for charge station,31.17,0.76,43.90%,3.75,1.58,2.17,0.92,0.50,5.00,0.08,0.83,2.83,7,5.67,1.5,1.33,91.67%,0.00%,8.92,12.67,6.33,10,2,0,2,2,2,6,47.7s,Cube,Cone ,,,0.42,3.83,1.333333333,6.3,1.08,30.67,,
2023misjo,frc9228,9228,2023misjo-9228,The Cougar Coders,,Tank,Fast,Can brake,8.33,0.03,14.58%,0.5,0.00,0.50,0.00,0.00,0.00,0.00,0.00,0.5,0,1,0,0.5,0.00%,0.00%,1.11,1,6.17,12,0,0,3,2,0,7,270s,Neither,Cube,,,0.22,3.08,0,6.2,0.75,8.28,,
2023misjo,frc9239,9239,2023misjo-9239,Panthers robotics,Pit Scouting_Images/414abe19.Picture.235929.jpg,Tank,Bad,Good at driving it,13.83,0.29,24.97%,2.58,0.25,2.33,0.17,0.25,0.25,0.08,0.08,2.42,0.33,4.5,0.17,2.25,83.33%,0.00%,2.31,4.83,4.17,12,0,0,1,7,1,3,55.79s,Cube,Cube,,,0.36,2.08,0,4.2,1.00,13.81,,
2023misjo,frc94,94,2023misjo-94,The  TechnoJays,Pit Scouting_Images/041dcee3.Picture.143439.jpg,Tank,Fast,,11.50,0.08,21.89%,1,0.67,0.33,0.00,0.00,0.00,0.00,0.00,1,1.92,1.25,0.67,0.33,8.33%,0.00%,1.39,3.17,6.17,12,0,0,3,1,2,6,135s,Cone,Cone ,,,0.28,3.08,0,6.2,0.58,10.97,,
2023milak,frc1481,1481,2023milak-1481,The Riveters,Pit Scouting_Images/fe43900e.Picture.214601.jpg,Swerve,Reliable,,33.14,0.61,39.36%,4.5,3.42,1.08,1.00,6.00,0.00,1.00,0.00,3.5,10.08,4.75,2.42,1.08,58.33%,0.00%,11.22,14.83,5.33,10,2,0,2,4,1,5,38.57s,Cone,Neither,,,0.78,3.33,1.333333333,5.3,1.67,33.14,30.00,
2023milak,frc1504,1504,2023milak-1504,Desperate Penguins,Pit Scouting_Images/700a5106.Picture.214622.jpg,Mecanum,Penguin,,26.36,0.24,34.42%,3.58,0.17,3.42,0.75,0.00,2.25,0.00,0.75,2.83,0.33,10.75,0.17,2.67,100.00%,0.00%,4.61,11.08,7.67,12,0,0,0,3,1,8,47.7s,Cube,Cone ,,,0.47,3.83,0,7.7,1.33,26.36,26.00,
2023milak,frc1684,1684,2023milak-1684,The Chimeras,Pit Scouting_Images/f224452c.Picture.215409.jpg,Swerve,Fast,,42.75,0.84,45.68%,6.08,4.58,1.50,0.75,3.50,0.83,0.58,0.17,5.33,11.75,4.25,4,1.33,66.67%,42.00%,15.36,16,9.17,4,3,5,1,0,0,11,25.33s,Cone,Cone ,,,0.81,8.08,7,9.2,2.42,42.53,32.00,
2023milak,frc216,216,2023milak-216,More RoboDawgs,Pit Scouting_Images/4ec7e93f.Picture.221745.jpg,Tank,Gaming,None,25.39,0.53,31.91%,3.58,1.50,2.08,0.92,0.00,3.33,0.00,0.92,2.67,4.08,2.83,1.5,1.17,66.67%,8.00%,9.14,6.92,7.33,9,2,1,2,1,1,8,50.56s,Cube,Cube,,,0.69,4.83,2.333333333,7.3,2.08,25.39,26.00,
2023milak,frc244,244,2023milak-244,RoboDawgs 3D,Pit Scouting_Images/bf571ab9.Picture.220007.jpg,Tank,Efficient,,26.67,0.76,31.22%,2.67,1.75,0.92,0.83,0.25,2.25,0.08,0.75,1.83,4,0.42,1.67,0.17,41.67%,58.00%,13.5,4.42,7.5,4,1,7,1,2,1,8,73.77s,Cube,Cone ,,,0.67,7.58,7.666666667,7.5,2.00,26.67,30.00,
2023milak,frc2611,2611,2023milak-2611,Jacktown Vectors,Pit Scouting_Images/ddbd8ecd.Picture.220341.jpg,Tank,Hourmeter,"- Auto balance with only half on station (for more space) 
- Bottom heavy",45.56,0.89,41.45%,5,3.42,1.58,0.83,0.00,5.00,0.00,0.83,4.17,14.75,3.75,3.42,0.75,58.33%,58.00%,17.14,18.5,8.17,5,0,7,1,1,1,9,32.37s,Cube,Neither,,,1.03,7.58,7,8.2,2.75,45.56,32.00,
2023milak,frc288,288,2023milak-288,The RoboDawgs,Pit Scouting_Images/6558f74a.Picture.220655.jpg,Tank,Brand-new,,28.42,0.63,44.11%,3.27,0.09,3.18,0.91,0.00,4.73,0.00,0.91,2.36,0.18,7.27,0.09,2.27,72.73%,36.00%,11.33,7.45,7.45,6,1,4,2,1,0,8,57.2s,Cone,Neither,,,0.3,6.27,5.090909091,7.5,1.45,28.42,24.00,
2023milak,frc3302,3302,2023milak-3302,TurboTrojans,Pit Scouting_Images/d2fc74ab.Picture.115522.jpg,Swerve,Coop,,13.25,0.08,18.31%,1.58,0.08,1.50,0.00,0.00,0.00,0.00,0.00,1.58,0.17,3,0.08,1.5,0.00%,0.00%,2.92,3.17,7.17,12,0,0,1,3,0,8,85.44s,No Preference ,Neither,,,0.58,3.58,0,7.2,1.50,13.25,24.00,
2023milak,frc3658,3658,2023milak-3658,Robo - Beavers,Pit Scouting_Images/0d1f8928.Picture.221414.jpg,Tank,Speed,Auto is good,30.47,0.82,34.31%,4.67,0.00,4.67,0.92,0.00,3.58,0.00,0.92,3.75,0,7.83,0,3.75,25.00%,58.00%,14.06,7.83,7.83,5,0,7,1,1,2,8,36s,Cube,Cube,,,0.69,7.42,7,7.8,2.50,30.47,32.00,
2023milak,frc4327,4327,2023milak-4327,Q Branch,Pit Scouting_Images/3f21f275.Picture.215719.jpg,Swerve,Walkavator,Balance in auton,27.17,0.45,43.04%,4.25,0.17,4.08,0.83,0.00,3.25,0.00,0.83,3.42,0.67,10.83,0.17,3.25,66.67%,8.00%,7.92,11.5,5.33,8,3,1,2,4,1,5,39.47s,Cube,Cube,,,0.33,4.17,3,5.3,1.25,26.75,34.00,
2023milak,frc4453,4453,2023milak-4453,The Red Hot Chili Bots,Pit Scouting_Images/dbe8eeb9.Picture.215049.jpg,Tank,Slick,"Can place on every node autonomously
Heavy so good defense (124.8 lb)",28.78,0.47,31.75%,3,2.50,0.50,0.75,3.25,0.25,0.67,0.08,2.25,7.92,1.17,1.83,0.42,100.00%,0.00%,8.03,9.08,8.67,10,2,0,0,1,2,9,60s,Cone,Neither,,,0.64,5.00,1.333333333,8.7,2.25,28.78,34.00,
2023milak,frc4810,4810,2023milak-4810,I AM Robot,Pit Scouting_Images/96321a52.Picture.120125.jpg,Swerve,Intresting,,20.56,0.18,26.94%,4.17,0.25,3.92,0.00,0.00,0.00,0.00,0.00,4.17,0.5,8,0.25,3.92,91.67%,0.00%,4.14,8.5,5.17,11,1,0,3,3,1,5,32.37s,Cone,Cone ,,,0.69,2.92,0.6666666667,5.2,1.25,20.56,26.00,
2023milak,frc4998,4998,2023milak-4998,TESLA,Pit Scouting_Images/27dc330c.Picture.120044.jpg,Mecanum,Tank,"Robust, Good for tipped cones, Can pick up stuck cones",31.14,0.74,36.51%,3.83,1.58,2.25,1.00,0.00,6.00,0.00,1.00,2.83,6.42,3,1.58,1.25,83.33%,0.00%,12.56,9.42,6.67,8,4,0,0,5,0,7,47.7s,Cube,Neither,,,0.78,4.67,2.666666667,6.7,2.00,31.14,24.00,
2023milak,frc5067,5067,2023milak-5067,Steiner Steel Storm,Pit Scouting_Images/a2814a93.Picture.222946.jpg,Tank,Fun,,23.09,0.26,31.87%,2.42,1.75,0.67,0.67,3.25,0.00,0.67,0.00,1.75,5.17,3.33,1.08,0.67,91.67%,0.00%,5.33,8.5,6.5,12,0,0,1,4,0,7,77.14s,No Preference ,Neither,,,0.42,3.25,0,6.5,1.17,23.08,28.00,
2023milak,frc5152,5152,2023milak-5152,Alotobots,Pit Scouting_Images/9bde0a59.Picture.215954.jpg,Swerve,Efficient,"Good auto, Lots of auto programs, Start from every pos (left, mid, right) in auto, Arm can flip all the way backwards",53.58,0.95,51.50%,6.08,3.92,2.17,1.00,0.50,5.33,0.08,0.92,5.08,16.25,5,3.83,1.25,75.00%,83.00%,20.42,21.25,9.67,2,0,10,0,0,1,11,26.57s,Cube,Cone ,,,0.92,9.83,10,9.7,2.50,53.58,29.00,
2023milak,frc5235,5235,2023milak-5235,Gears of Fortune,N/A,Swerve,Fast,,16.17,0.37,20.64%,1.25,0.17,1.08,0.58,0.33,2.75,0.08,0.50,0.67,0.17,1.17,0.08,0.58,41.67%,0.00%,6.25,1.33,7.33,11,1,0,2,1,1,8,201.49s,Cube,Neither,Cube,,0.5,4.00,0.6666666667,7.3,1.58,16.17,,
2023milak,frc5256,5256,2023milak-5256,Atomics,Pit Scouting_Images/d0c94b7a.Picture.215235.jpg,Swerve,Durable,Pretty fast,14.72,0.11,23.18%,2,0.67,1.33,0.00,0.00,0.00,0.00,0.00,2,1.75,3.08,0.67,1.33,0.00%,0.00%,3.06,4.83,6.83,12,0,0,3,1,0,8,67.5s,Cube,Cube,,,0.61,3.42,0,6.8,1.08,14.72,33.00,
2023milak,frc5501,5501,2023milak-5501,Bobcats,Pit Scouting_Images/49b80816.Picture.222029.jpg,Tank,Simple,Itâ€™s name is bounty,26.33,0.32,36.13%,3.33,0.17,3.17,0.50,0.00,2.00,0.00,0.50,2.83,0.33,8.5,0.17,2.67,66.67%,8.00%,5.5,8.83,10,11,0,1,0,0,0,12,47.7s,Cube,Neither,,,0.5,5.50,1,10.0,2.00,26.33,35.00,
2023milak,frc5675,5675,2023milak-5675,WiredCats,,,,,49.89,1.00,49.84%,7,3.25,3.75,1.00,5.75,0.00,1.00,0.00,6,8.58,10.67,2.25,3.75,100.00%,83.00%,21.97,19.25,5.67,1,1,10,0,6,1,5,22.5s,,,,,1.11,8.17,10.66666667,5.7,3.00,49.89,,
2023milak,frc5676,5676,2023milak-5676,The H.E.R.O.E.S,Pit Scouting_Images/63cd02d2.Picture.213748.jpg,Swerve,Swervo,Cone only,33.33,0.58,37.79%,4.5,4.50,0.00,1.00,6.00,0.00,1.00,0.00,3.5,14.08,0,3.5,0,75.00%,0.00%,10.17,14.08,6.83,12,0,0,3,1,0,8,38.57s,Cone,Cone ,,,0.83,3.42,0,6.8,2.00,33.33,30.00,
2023milak,frc6002,6002,2023milak-6002,ZooBOTix,Pit Scouting_Images/060ca4d7.Picture.213131.jpg,Swerve,Frankenstein,Fast,45.50,0.92,47.90%,6,2.75,3.25,1.00,5.25,0.50,0.92,0.08,5,7.58,9.75,1.83,3.17,100.00%,58.00%,18,17.33,7.17,4,1,7,3,0,1,8,27s,Cone,Cube,,,0.92,7.42,7.666666667,7.2,2.08,45.50,29.00,
2023milak,frc6190,6190,2023milak-6190,Cybernetic Crusaders,,,,,7.81,0.00,12.12%,0.33,0.00,0.33,0.00,0.00,0.00,0.00,0.00,0.33,0,0.67,0,0.33,41.67%,0.00%,2.08,0.67,3.83,12,0,0,3,5,1,3,409.09s,,,,,0.42,1.92,0,3.8,0.92,7.83,,
2023milak,frc6588,6588,2023milak-6588,Counter-Torque Robotics,Pit Scouting_Images/0c4671e7.Picture.115545.jpg,Tank,Cool,,12.72,0.16,18.09%,1.25,1.25,0.00,0.58,2.08,0.00,0.58,0.00,0.67,2.33,0,0.67,0,50.00%,0.00%,3.89,2.33,5,12,0,0,4,2,1,5,201.49s,Cone,Cone ,,,0.36,2.50,0,5.0,1.42,12.72,0.00,
2023milak,frc7197,7197,2023milak-7197,Mountie Megabots,Pit Scouting_Images/81a8a18e.Picture.214345.jpg,Swerve,Yes,His name is Wayne,41.75,0.55,42.25%,5.08,3.50,1.58,0.58,2.00,0.83,0.42,0.17,4.5,14.75,6.42,3.08,1.42,75.00%,17.00%,9.67,21.17,8.67,9,1,2,0,1,2,9,30s,Cone,Neither,,,0.83,5.67,2.666666667,8.7,2.25,41.75,34.00,
2023milak,frc7203,7203,2023milak-7203,21st Century Cyber Bearcats,Pit Scouting_Images/a9abb572.Picture.214822.jpg,Tank,Idk,360 rotating arm,11.56,0.05,15.62%,0.42,0.00,0.42,0.17,0.00,0.50,0.00,0.17,0.25,0,0.5,0,0.25,66.67%,0.00%,2.72,0.5,6.33,12,0,0,4,0,1,7,540s,Cone,Cone ,,,0.44,3.17,0,6.3,1.42,11.56,30.00,
2023milak,frc7226,7226,2023milak-7226,Error 404,Pit Scouting_Images/7ea8a699.Picture.222355.jpg,Tank,Purple,"Limelight is going to be equipped, not at the point(Named Ezra)",27.36,0.68,35.71%,2.92,0.25,2.67,0.75,0.00,3.83,0.00,0.75,2.17,1.25,5.42,0.25,1.92,66.67%,42.00%,11.89,6.67,6.5,7,0,5,1,4,0,7,62.21s,Cone,Neither,,,0.61,5.75,5,6.5,1.75,27.06,33.00,
2023milak,frc7256,7256,2023milak-7256,Irish Robotics,Pit Scouting_Images/863383cc.Picture.121833.jpg,Tank,Functional,,22.31,0.34,27.60%,3.25,0.50,2.75,0.67,0.33,2.33,0.08,0.58,2.58,0.83,4.58,0.42,2.17,91.67%,0.00%,6.14,5.42,8,12,0,0,0,3,0,9,52.33s,Cube,Cube,,,0.69,4.00,0,8.0,1.83,22.31,33.00,
2023milak,frc7491,7491,2023milak-7491,Cyber Soldiers,Pit Scouting_Images/7d83f1f3.Picture.232345.jpg,Swerve,Reliable,"Dock, All human stations can be used, Lock wheelz, 78 pounds, Really good at defense, Quick at balancing",31.36,0.66,37.11%,3.67,1.08,2.58,0.92,0.50,4.50,0.17,0.75,2.75,2.17,6.75,0.92,1.83,75.00%,25.00%,11.86,8.92,8.33,8,1,3,2,0,0,10,49.09s,No Preference ,Neither,,,0.64,6.00,3.666666667,8.3,1.92,31.36,30.00,
2023milak,frc7658,7658,2023milak-7658,MagiTech,Pit Scouting_Images/dacdd916.Picture.214544.jpg,Swerve,Righteous!,Cannot do high cones,20.25,0.13,27.46%,2.17,0.17,2.00,0.00,0.00,0.00,0.00,0.00,2.17,0.33,5.25,0.17,2,83.33%,8.00%,3.5,5.58,8.67,11,0,1,0,2,0,10,62.21s,Cube,Cube,,,0.5,4.83,1,8.7,1.25,20.25,35.00,
2023milak,frc7811,7811,2023milak-7811,Flamin' Hot Tigers,Pit Scouting_Images/dab2ce97.Picture.213014.jpg,Tank,Zipties,50 pounds attached to the robot for weight,17.78,0.39,27.46%,1.83,0.42,1.42,0.83,0.50,3.83,0.08,0.75,1,0.83,2.17,0.33,0.67,50.00%,0.00%,6.28,3,7,12,0,0,2,2,0,8,135s,Cone,Cone ,,,0.39,3.50,0,7.0,1.25,17.78,24.00,
2023milak,frc830,830,2023milak-830,The RatPack,Pit Scouting_Images/735ecfd4.Picture.220437.jpg,Swerve,Efficient,,12.14,0.03,20.02%,1.17,0.50,0.67,0.00,0.00,0.00,0.00,0.00,1.17,1.08,1.58,0.5,0.67,75.00%,0.00%,2.22,2.67,5,12,0,0,4,2,1,5,115.38s,No Preference ,Neither,,,0.44,2.50,0,5.0,0.92,12.14,30.00,
2023milak,frc8608,8608,2023milak-8608,Alpha Bots,Pit Scouting_Images/5b456113.Picture.213315.jpg,Swerve,Tabk,They have a lasso,34.42,0.87,35.20%,4,3.83,0.17,0.92,5.50,0.00,0.92,0.00,3.08,11.92,0.58,2.92,0.17,100.00%,58.00%,15.42,12.5,3.5,5,0,7,3,6,0,3,43.83s,Cone,Cube,,,0.58,5.25,7,3.5,2.92,34.42,32.50,
2023milak,frc9177,9177,2023milak-9177,Spartan Sprockets,,,,,12.47,0.29,16.60%,1.33,0.08,1.25,0.58,0.00,3.25,0.00,0.58,0.75,0.17,1.33,0.08,0.67,66.67%,0.00%,5.47,1.5,3.5,12,0,0,3,6,0,3,180s,,,,,0.44,1.75,0,3.5,1.83,12.47,,
2023milak,frc9208,9208,2023milak-9208,Eddies Circuit,Pit Scouting_Images/ca852c19.Picture.213413.jpg,Tank,Reliable,"- Pneumatic break so robot stops at the end of the match
- Strategy: one link on top, then focus on bottom
- Drops cubes through chute to score at bottom",35.64,0.71,38.38%,4.08,2.25,1.83,0.92,0.00,5.50,0.00,0.92,3.17,10.75,3.08,2.25,0.92,66.67%,8.00%,11.97,13.83,7.83,8,3,1,1,2,0,9,42.59s,Cube,Neither,,,0.69,5.42,3,7.8,1.83,35.64,28.75,
2023milak,frc9215,9215,2023milak-9215,T-Town Tech,Pit Scouting_Images/242a7bdf.Picture.213809.jpg,Tank,Improvised,Jack shaft drive system,19.89,0.50,25.98%,2.5,0.33,2.17,0.83,0.25,4.50,0.08,0.75,1.67,0.92,4.25,0.25,1.42,83.33%,0.00%,8.06,5.17,4.17,11,1,0,3,5,0,4,80.84s,No Preference ,Neither,,,0.53,2.42,0.6666666667,4.2,1.33,19.89,22.00,
2023milak,frc9227,9227,2023milak-9227,Backwoods Bots,,Tank,Robust,,33.83,0.79,40.34%,4.75,0.50,4.25,0.67,0.00,2.00,0.00,0.67,4.08,1,7.17,0.5,3.58,91.67%,58.00%,13.58,8.17,9.33,5,0,7,0,0,2,10,33.09s,Cube,Camera,Cube,,0.92,8.17,7,9.3,2.17,33.83,,
2023milak,frc9238,9238,2023milak-9238,Jaybots,Pit Scouting_Images/c7cba5e6.Picture.122742.jpg,Swerve,Working,,11.00,0.21,17.42%,1.08,0.25,0.83,0.58,0.00,1.75,0.00,0.58,0.5,0.67,0.5,0.25,0.25,66.67%,0.00%,4.5,1.17,3.5,11,1,0,3,6,0,3,270s,Cube,Cube,,,0.42,2.08,0.6666666667,3.5,1.08,11.17,35.00,
2023milak,frc9278,9278,2023milak-9278,Omegatrons,Pit Scouting_Images/776b69c2.Picture.215701.jpg,Tank,Cool,Claw stays level the whole time,16.56,0.42,26.89%,1.83,0.50,1.33,0.00,0.00,0.00,0.00,0.00,1.83,1,2.67,0.5,1.33,0.00%,33.00%,7.56,3.67,5.33,6,2,4,4,2,0,6,73.77s,Cone,Cone ,,,0.44,5.33,5.333333333,5.3,0.92,16.56,33.00,
2023milak,frc9312,9312,2023milak-9312,NERD Spark,Pit Scouting_Images/650d7e70.Picture.214050.jpg,Swerve,Fast,Uses the Shute,58.53,0.97,49.82%,7.92,5.75,2.17,1.00,6.00,0.00,1.00,0.00,6.92,17.92,8.58,4.75,2.17,100.00%,83.00%,21.69,26.5,7.33,2,0,10,0,3,2,7,19.51s,Cone,Cone ,,,1.14,8.67,10,7.3,3.17,58.53,35.00,
2023micmp2,frc1506,1506,2023micmp2-1506,Metal Muscle,Pit Scouting_Images/4f85178d.Picture.164811.jpg,Swerve,Fast,,49.61,0.56,35.25%,6.75,4.58,2.17,1.33,5.33,1.67,0.92,0.42,5.42,14.42,6.33,3.67,1.75,91.67%,25.00%,18.61,20.75,7.5,9,0,3,1,2,1,8,24.91s,Cone,Neither,,,1.72,5.25,3,7.5,3.08,49.61,29.00,
2023micmp2,frc1711,1711,2023micmp2-1711,RAPTORS,Pit Scouting_Images/76f60c39.Picture.162528.jpg,Swerve,Fun,None,33.94,0.28,26.31%,5.18,0.09,5.09,1.00,0.00,6.00,0.00,1.00,4.18,0.18,9.09,0.09,4.09,90.91%,9.00%,13.76,9.27,8.18,10,0,1,0,1,3,7,32.3s,Cube,Cube,,,1.33,4.64,1.090909091,8.2,2.27,33.94,35.50,
2023micmp2,frc2054,2054,2023micmp2-2054,Tech Vikes,Pit Scouting_Images/2ab2c17e.Picture.175034.jpg,Swerve,Fast,Can drive off side of charge station,49.94,0.74,35.98%,6.83,5.25,1.58,1.08,2.50,4.00,0.42,0.67,5.75,18.67,3.17,4.83,0.92,83.33%,50.00%,20.28,21.83,5.33,6,0,6,2,4,1,5,23.48s,No Preference ,Neither,,,1.56,5.67,6,5.3,2.92,49.94,35.00,
2023micmp2,frc217,217,2023micmp2-217,ThunderChickens,Pit Scouting_Images/31859ab1.Picture.174609.jpg,Swerve,Bottom,Super bottom heavy,35.53,0.23,29.64%,4.5,3.33,1.17,1.08,1.00,5.17,0.17,0.92,3.42,13.17,0.58,3.17,0.25,33.33%,0.00%,13.11,13.75,7.67,12,0,0,2,0,2,8,39.47s,Cube,Cone ,,,1.39,3.83,0,7.7,1.92,35.53,30.00,
2023micmp2,frc2620,2620,2023micmp2-2620,Titans,,,,,29.20,0.10,22.01%,3.17,1.00,2.17,0.83,0.00,4.25,0.00,0.83,2.33,2.25,4,1,1.33,75.00%,8.00%,12.19,6.25,8.5,11,0,1,1,1,0,10,57.94s,,,,,1.39,4.75,1,8.5,2.33,29.19,,
2023micmp2,frc27,27,2023micmp2-27,Team RUSH,Pit Scouting_Images/09fdf1c9.Picture.162518.jpg,Swerve,Tenacious,Buddy climb system,54.77,0.49,37.49%,8.92,5.23,3.69,2.00,4.62,4.38,0.92,1.08,6.92,17.08,9.62,4.31,2.62,100.00%,0.00%,17.85,26.69,7.23,13,0,0,0,3,3,7,19.51s,Cone,Cube,,,1.77,3.62,0,7.2,3.08,54.77,26.00,
2023micmp2,frc3098,3098,2023micmp2-3098,Waterford Robotics,Pit Scouting_Images/1ba3d4bc.Picture.162520.jpg,Tank,Strong,,28.03,0.05,22.22%,3.5,2.08,1.42,0.83,0.00,4.25,0.00,0.83,2.67,7.33,1.58,2.08,0.58,100.00%,0.00%,11.61,8.92,4.5,12,0,0,3,4,1,4,50.56s,Cube,Neither,,,1.47,2.25,0,4.5,2.25,28.03,31.50,
2023micmp2,frc3414,3414,2023micmp2-3414,Hackbots,Pit Scouting_Images/9e8b2f80.Picture.161011.jpg,Swerve,Reliable,Can hang off edge of charge station,48.06,0.82,34.46%,5.27,4.09,1.18,1.27,2.18,4.91,0.45,0.82,4,13.73,1.09,3.64,0.36,90.91%,45.00%,20.88,14.82,9.64,6,0,5,0,0,1,10,33.75s,Cone,Neither,,,1.67,7.55,5.454545455,9.6,3.09,48.06,31.00,
2023micmp2,frc3534,3534,2023micmp2-3534,House of Cards,Pit Scouting_Images/608be88f.Picture.174618.jpg,Swerve,AAAA,,45.80,0.69,31.50%,6.08,4.15,1.92,0.92,3.23,1.85,0.54,0.38,5.15,11.69,4,3.62,1.54,100.00%,46.00%,19.72,15.69,7.38,7,0,6,1,3,0,9,26.21s,Cone,Neither,,,1.82,6.46,5.538461538,7.4,3.31,45.79,32.00,
2023micmp2,frc3536,3536,2023micmp2-3536,Electro Eagles,Pit Scouting_Images/7b516c19.Picture.174612.jpg,Swerve,Black,Score fast,47.03,0.51,37.18%,5.82,4.55,1.27,1.18,2.45,4.36,0.45,0.73,4.64,17.27,2,4.09,0.55,72.73%,27.00%,17.94,19.27,7.64,7,1,3,1,2,0,8,29.09s,No Preference ,Neither,,,1.42,5.82,4,7.6,2.36,47.03,34.50,
2023micmp2,frc3538,3538,2023micmp2-3538,RoboJackets,Pit Scouting_Images/11f0d6e0.Picture.165728.jpg,Swerve,Fast,,62.46,0.95,41.75%,10.23,7.62,2.62,1.46,6.00,2.54,1.00,0.46,8.77,23.38,8.15,6.62,2.15,100.00%,38.00%,23.15,31.54,4.77,8,0,5,0,8,1,4,15.39s,Cone,Cone ,,,2,4.69,4.615384615,4.8,3.31,62.46,24.00,
2023micmp2,frc3539,3539,2023micmp2-3539,Byting Bulldogs,Pit Scouting_Images/b2fd0e0e.Picture.200509.jpg,Swerve,Modular,,53.52,0.62,39.43%,7.45,4.64,2.82,1.73,5.82,4.36,1.00,0.73,5.73,15.09,7.64,3.64,2.09,90.91%,9.00%,19.15,22.73,8.91,10,0,1,0,1,1,9,23.56s,Cone,Neither,,,1.58,5.00,1.090909091,8.9,3.00,53.52,34.00,
2023micmp2,frc3656,3656,2023micmp2-3656,Dexter Dreadbots,,,,,40.00,0.33,30.79%,4.75,2.67,2.08,1.50,5.00,3.50,0.92,0.58,3.25,7.25,5.5,1.75,1.5,91.67%,0.00%,16,12.75,9.33,12,0,0,0,1,0,11,41.54s,,,,,1.5,4.67,0,9.3,2.42,40.83,,
2023micmp2,frc3668,3668,2023micmp2-3668,TroBots,Pit Scouting_Images/ccc5a089.Picture.174152.jpg,Mecanum,Durable,"Ground intake, uses single subtantion",48.08,0.46,35.24%,6.5,4.58,1.92,1.42,6.00,2.00,1.00,0.42,5.08,13.5,6,3.58,1.5,83.33%,8.00%,17.75,19.5,8.33,11,0,1,0,2,1,9,26.57s,Cone,Cone ,,,1.75,4.67,1,8.3,3.33,48.08,33.00,
2023micmp2,frc3875,3875,2023micmp2-3875,Red Storm Robotics,,,,,30.64,0.03,27.59%,3.69,2.77,0.92,0.92,0.00,5.08,0.00,0.92,2.77,11.92,0,2.77,0,61.54%,0.00%,11.33,11.92,5.54,12,1,0,3,3,1,6,48.74s,,,,,1.13,3.08,0.6153846154,5.5,1.62,30.64,,
2023micmp2,frc4004,4004,2023micmp2-4004,M.A.R.S. Rovers,Pit Scouting_Images/a2a142f5.Picture.195031.jpg,Swerve,Effective,Button bored,29.15,0.00,26.92%,3.82,2.82,1.00,0.64,0.00,3.64,0.00,0.64,3.18,10.64,1.27,2.82,0.36,72.73%,9.00%,10.33,11.91,4.73,10,0,1,1,5,2,3,42.45s,Cube,Neither,,,1.12,2.91,1.090909091,4.7,1.36,29.15,36.00,
2023micmp2,frc4381,4381,2023micmp2-4381,Twisted Devils,Pit Scouting_Images/a8852a82.Picture.162346.jpg,Swerve,Fast,Her name is midnight,58.20,0.97,39.64%,9.5,4.92,4.58,2.33,6.00,6.58,1.00,1.33,7.17,14.17,9.83,3.92,3.25,83.33%,17.00%,24.69,24,7,9,1,2,0,4,1,7,18.83s,Cone,Neither,,,1.89,4.83,2.666666667,7.0,3.17,58.19,35.00,
2023micmp2,frc4391,4391,2023micmp2-4391,BraveBots,Pit Scouting_Images/f7950ac1.Picture.174306.jpg,Swerve,Fast,"Very versatile
Master of not quite anything but not there
Defence good (if necessary) 
Maneuverable
Auto placing",54.03,0.85,35.39%,8.08,5.42,2.67,1.67,5.50,4.50,0.92,0.75,6.42,16.25,6.08,4.5,1.92,100.00%,8.00%,21,22.33,8.67,11,0,1,0,2,0,10,21.03s,No Preference ,Neither,,,2,4.83,1,8.7,3.08,55.00,30.00,
2023micmp2,frc4392,4392,2023micmp2-4392,The Deceivers,Pit Scouting_Images/c1204868.Picture.152920.jpg,Swerve,Rambunctious,"Outgoing
3 piece auto
Human player shelf",47.38,0.59,37.55%,7.08,5.23,1.85,1.69,5.54,4.15,0.92,0.77,5.38,15,4.08,4.31,1.08,92.31%,0.00%,18.77,19.08,6.77,12,1,0,1,3,2,7,25.09s,Cone,Neither,,,1.69,3.69,0.6153846154,6.8,2.08,47.38,36.00,
2023micmp2,frc4405,4405,2023micmp2-4405,The Atoms Family,Pit Scouting_Images/54e02b2f.Picture.161443.jpg,Swerve,No,None,40.36,0.38,33.79%,4.58,3.25,1.33,0.92,0.75,4.33,0.17,0.75,3.67,13.17,1.58,3.08,0.58,50.00%,42.00%,16.61,14.75,7.5,7,0,5,1,1,3,7,36.78s,No Preference ,Cone ,,,1.31,6.25,5,7.5,1.58,40.36,31.00,
2023micmp2,frc4776,4776,2023micmp2-4776,S.C.O.T.S. Bots,Pit Scouting_Images/8f42f2a2.Picture.162338.jpg,Swerve,Scorpion,,38.47,0.36,30.48%,5.67,1.92,3.75,1.50,5.83,3.00,1.00,0.50,4.17,3.58,7.83,0.92,3.25,100.00%,0.00%,16.06,11.42,8,12,0,0,0,3,0,9,32.37s,Cone,Neither,,,1.44,4.00,0,8.0,2.50,38.47,32.00,
2023micmp2,frc4779,4779,2023micmp2-4779,RoboSapiens,Pit Scouting_Images/afc32476.Picture.152224.jpg,Swerve,Versitile,35 lbs metal slab to prevent tipping,47.15,0.87,35.34%,4.91,3.45,1.45,1.09,3.27,3.27,0.55,0.55,3.82,12,2.91,2.91,0.91,90.91%,64.00%,21.15,14.91,8.36,4,0,7,1,0,2,8,35.34s,No Preference ,Cone ,,,1.39,8.00,7.636363636,8.4,2.82,47.15,30.00,
2023micmp2,frc5114,5114,2023micmp2-5114,Titanium Tigers,Pit Scouting_Images/b31fe380.Picture.152451.jpg,Swerve,SpinnySliderSlippy(ICouldntPutSpacesInBetween),"Fast
Triple climb optimized size
Cones and cubes are both possible, shelf is fast",46.45,0.92,33.98%,4.82,3.73,1.09,0.91,4.91,0.55,0.82,0.09,3.91,10.91,3.27,2.91,1,100.00%,73.00%,22.36,14.18,6.91,3,0,8,1,2,2,6,34.53s,Cone,Cone ,,,1.64,7.82,8.727272727,6.9,2.55,46.45,31.00,
2023micmp2,frc5436,5436,2023micmp2-5436,Cyber Cats,Pit Scouting_Images/efb09ec8.Picture.152219.jpg,Swerve,Consistant,Balance in auto,40.67,0.31,32.98%,5.36,3.64,1.73,1.00,5.82,0.00,1.00,0.00,4.36,10.36,6.18,2.64,1.73,100.00%,9.00%,15.48,16.55,5.64,8,2,1,2,3,1,5,30.96s,Cone,Cone ,,,1.42,4.09,2.545454545,5.6,2.09,40.67,32.50,
2023micmp2,frc5535,5535,2023micmp2-5535,Bionic Bison,Pit Scouting_Images/1e6d1a55.Picture.151817.jpg,Swerve,Special,"Only cubes but really good
100% auto accuracy (2 piece cube auto)",34.81,0.13,27.47%,5.33,0.25,5.08,0.83,0.00,4.75,0.00,0.83,4.5,0.75,11.58,0.25,4.25,91.67%,0.00%,12.78,12.33,7.5,11,1,0,1,2,1,8,30s,Cube,Cube,,,1.47,4.08,0.6666666667,7.5,2.25,35.36,37.00,
2023micmp2,frc5612,5612,2023micmp2-5612,Robo-Raptors,Pit Scouting_Images/8afe4841.Picture.151701.jpg,Swerve,Defence,None,24.75,0.21,21.43%,1.5,0.17,1.33,0.83,0.50,3.00,0.08,0.75,0.67,0.17,1.33,0.08,0.58,58.33%,25.00%,13,1.5,8.5,8,1,3,1,0,2,9,201.49s,Cube,Cube,,,1.17,6.08,3.666666667,8.5,2.08,24.75,30.00,
2023micmp2,frc5675,5675,2023micmp2-5675,WiredCats,Pit Scouting_Images/14d7520b.Picture.161033.jpg,Swerve,Awesome,,52.09,1.00,41.33%,6.73,2.18,4.55,1.00,6.00,0.00,1.00,0.00,5.73,5.09,13.45,1.18,4.55,100.00%,82.00%,24.73,18.55,5.82,1,1,9,1,4,1,5,23.56s,Cone,Cube,,,1.64,8.18,10.54545455,5.8,2.73,52.09,36.50,
2023micmp2,frc5843,5843,2023micmp2-5843,Flurb,Pit Scouting_Images/67bd94fd.Picture.161026.jpg,Swerve,Googly-eyes,,39.44,0.18,31.04%,4.83,3.92,0.92,0.92,5.50,0.00,0.92,0.00,3.92,10.5,3.67,3,0.92,91.67%,0.00%,12.86,14.17,9.67,12,0,0,0,0,1,11,34.44s,Cone,Neither,,,1.47,4.83,0,9.7,2.50,39.44,28.00,
2023micmp2,frc6081,6081,2023micmp2-6081,Digital Dislocators,Pit Scouting_Images/3b5a787a.Picture.151644.jpg,Swerve,Fast,Good auto,44.69,0.26,32.24%,6.33,3.92,2.42,0.92,3.75,1.00,0.67,0.25,5.42,13,7.75,3.25,2.17,66.67%,0.00%,13.61,20.75,8.33,11,1,0,0,2,1,9,24.91s,Cone,Cube,,,1.64,4.50,0.6666666667,8.3,2.67,44.69,29.50,
2023micmp2,frc6090,6090,2023micmp2-6090,Wayland Wildcats,Pit Scouting_Images/6d272515.Picture.201010.jpg,Swerve,Small'n'fast,"- Really good at balancing (narrow) 
- Uses double substation
- Versatile, can pick up from ground and from station (both pieces), but prefer substation cone as it is faster",51.47,0.79,33.73%,7.33,5.75,1.58,1.25,5.33,1.75,0.92,0.33,6.08,16.42,4.5,4.83,1.25,91.67%,33.00%,20.64,20.92,7.17,7,1,4,1,2,2,7,22.2s,Cone,Cone ,,,1.78,5.92,4.666666667,7.2,3.42,51.47,28.00,
2023micmp2,frc6152,6152,2023micmp2-6152,Robo-Falcons,,,,,29.70,0.08,25.97%,2.92,1.33,1.58,0.92,4.00,1.50,0.67,0.25,2,2.75,5,0.67,1.33,100.00%,0.00%,12.17,7.75,8.17,12,0,0,1,1,1,9,67.5s,,,,,1.33,4.08,0,8.2,2.25,31.08,,
2023micmp2,frc68,68,2023micmp2-68,Truck Town Thunder,Pit Scouting_Images/d1a10ae0.Picture.201004.jpg,Swerve,Screech,,46.51,0.54,34.69%,6.62,1.38,5.23,1.38,5.31,2.54,0.92,0.46,5.23,1.85,14.31,0.46,4.77,100.00%,31.00%,18.59,16.15,8.77,9,0,4,0,2,0,11,25.81s,Cone,Cube,,,1.41,6.23,3.692307692,8.8,2.15,46.51,26.25,
2023micmp2,frc7054,7054,2023micmp2-7054,SC Sailors,Pit Scouting_Images/2386012f.Picture.151101.jpg,Swerve,Carbon,,41.00,0.64,31.38%,3.45,2.36,1.09,1.00,0.55,5.18,0.09,0.91,2.45,8.91,0.36,2.27,0.18,100.00%,45.00%,19.45,9.27,9.27,4,2,5,0,1,0,10,55.1s,Cube,Neither,,,1.36,8.09,6.909090909,9.3,2.91,41.00,32.00,
2023micmp2,frc7056,7056,2023micmp2-7056,The F.A.S.T. Team - Fowlerville Area Scientific Technicians,Pit Scouting_Images/d9320356.Picture.184704.jpg,Swerve,Light,Really light,47.45,0.77,35.41%,4.5,3.58,0.92,0.92,5.25,0.00,0.92,0.00,3.58,11,3.5,2.67,0.92,100.00%,67.00%,20.61,14.5,9.33,4,0,8,0,1,0,11,37.71s,Cone,Neither,,,1.47,8.67,8,9.3,2.58,47.44,29.00,
2023micmp2,frc7166,7166,2023micmp2-7166,Red Thunder Robotics,Pit Scouting_Images/36cdd9fc.Picture.203045.jpg,Swerve,Giraffe,"2 piece auto, can balence, can triple climb, has to be on tve outside for it",39.15,0.41,27.87%,4.73,2.82,1.91,1.27,0.27,5.55,0.09,1.18,3.45,10,2.36,2.73,0.73,72.73%,27.00%,16.97,12.36,7.64,8,0,3,1,2,0,8,39.13s,Cube,Cone ,,,1.58,5.45,3.272727273,7.6,2.55,39.15,35.00,
2023micmp2,frc7220,7220,2023micmp2-7220,Steel Falcons,Pit Scouting_Images/6b1eb72d.Picture.151634.jpg,Swerve,Hefty,Arm can turn to opposite side,44.44,0.72,32.82%,4.75,3.00,1.75,1.00,0.50,5.50,0.08,0.92,3.75,11.58,2.92,2.92,0.83,91.67%,42.00%,19.86,14.5,7.33,6,1,5,2,1,1,8,36s,No Preference ,Cone ,,,1.64,6.50,5.666666667,7.3,2.58,44.44,32.00,
2023micmp2,frc7790,7790,2023micmp2-7790,Baywatch Robotics,Pit Scouting_Images/18d8632c.Picture.200105.jpg,Swerve,Beast,"- 124.5 lbs
- Both pieces are possible thanks to auto
Triple-balance lock wheels
- 85% automated (including auto piece detection, April Tag detection, etc.)",40.51,0.44,30.53%,5.08,2.85,2.23,1.15,1.62,4.92,0.31,0.85,3.92,9.92,5.15,2.54,1.38,69.23%,31.00%,17.67,15.08,5.69,9,0,4,2,4,1,6,34.44s,Cube,Neither,,,1.49,4.69,3.692307692,5.7,2.38,40.51,36.00,
2023micmp2,frc85,85,2023micmp2-85,B.O.B. (Built on Brains),Pit Scouting_Images/b7853da2.Picture.165132.jpg,Swerve,adaptable,,50.39,0.90,35.38%,5.67,3.67,2.00,1.00,0.67,5.00,0.17,0.83,4.67,14.5,4.58,3.5,1.17,91.67%,50.00%,21.36,19.08,7.33,5,1,6,0,3,2,7,28.91s,No Preference ,Cube,,,1.81,7.00,6.666666667,7.3,2.67,50.53,25.00,
2023micmp2,frc857,857,2023micmp2-857,Superior Roboworks,Pit Scouting_Images/59b2ad53.Picture.162523.jpg,Swerve,Sturdy,None,48.67,0.67,37.68%,6.77,4.23,2.54,1.54,6.00,3.00,1.00,0.54,5.23,12.85,6.31,3.23,2,92.31%,15.00%,19.67,19.15,7.08,10,1,2,1,2,3,7,25.81s,Cone,Neither,,,1.64,4.77,2.461538462,7.1,2.62,48.67,27.00,
2023micmp2,frc9215,9215,2023micmp2-9215,T-Town Tech,Pit Scouting_Images/0b44eae3.Picture.201534.jpg,Tank,Bart,Can balence good,27.78,0.13,24.19%,3.92,0.00,3.92,1.00,0.00,5.83,0.00,1.00,2.92,0,6,0,2.92,100.00%,0.00%,12.78,6,6,12,0,0,2,3,1,6,46.23s,Cube,Cone ,,,1.39,3.00,0,6.0,2.08,27.78,28.00,
2022cmptx,frc1323,1323,2022cmptx-1323,MadTown Robotics,,,,,,0.00,,0,0.00,0.00,0.00,0.00,0.00,0.00,0.00,0,0,0,0,0,0.00%,0.00%,0,0,0,0,0,0,0,0,0,0,_,,,,,0,0.00,0,0.0,,0.00,,
2022cmptx,frc1511,1511,2022cmptx-1511,Rolling Thunder,,,,,,0.00,,0,0.00,0.00,0.00,0.00,0.00,0.00,0.00,0,0,0,0,0,0.00%,0.00%,0,0,0,0,0,0,0,0,0,0,_,,,,,0,0.00,0,0.0,,0.00,,
2022cmptx,frc1577,1577,2022cmptx-1577,Steampunk,,,,,,0.00,,0,0.00,0.00,0.00,0.00,0.00,0.00,0.00,0,0,0,0,0,0.00%,0.00%,0,0,0,0,0,0,0,0,0,0,_,,,,,0,0.00,0,0.0,,0.00,,
2022cmptx,frc1619,1619,2022cmptx-1619,Up-A-Creek Robotics,,,,,,0.00,,0,0.00,0.00,0.00,0.00,0.00,0.00,0.00,0,0,0,0,0,0.00%,0.00%,0,0,0,0,0,0,0,0,0,0,_,,,,,0,0.00,0,0.0,,0.00,,
2022cmptx,frc1629,1629,2022cmptx-1629,Garrett Coalition (GaCo),,,,,,0.00,,0,0.00,0.00,0.00,0.00,0.00,0.00,0.00,0,0,0,0,0,0.00%,0.00%,0,0,0,0,0,0,0,0,0,0,_,,,,,0,0.00,0,0.0,,0.00,,
2022cmptx,frc1678,1678,2022cmptx-1678,Citrus Circuits,,,,,,0.00,,0,0.00,0.00,0.00,0.00,0.00,0.00,0.00,0,0,0,0,0,0.00%,0.00%,0,0,0,0,0,0,0,0,0,0,_,,,,,0,0.00,0,0.0,,0.00,,
2022cmptx,frc1706,1706,2022cmptx-1706,Ratchet Rockers,,,,,,0.00,,0,0.00,0.00,0.00,0.00,0.00,0.00,0.00,0,0,0,0,0,0.00%,0.00%,0,0,0,0,0,0,0,0,0,0,_,,,,,0,0.00,0,0.0,,0.00,,
2022cmptx,frc1730,1730,2022cmptx-1730,Team Driven,,,,,,0.00,,0,0.00,0.00,0.00,0.00,0.00,0.00,0.00,0,0,0,0,0,0.00%,0.00%,0,0,0,0,0,0,0,0,0,0,_,,,,,0,0.00,0,0.0,,0.00,,
2022cmptx,frc1967,1967,2022cmptx-1967,The Janksters,,,,,,0.00,,0,0.00,0.00,0.00,0.00,0.00,0.00,0.00,0,0,0,0,0,0.00%,0.00%,0,0,0,0,0,0,0,0,0,0,_,,,,,0,0.00,0,0.0,,0.00,,
2022cmptx,frc2129,2129,2022cmptx-2129,Ultraviolet,,,,,,0.00,,0,0.00,0.00,0.00,0.00,0.00,0.00,0.00,0,0,0,0,0,0.00%,0.00%,0,0,0,0,0,0,0,0,0,0,_,,,,,0,0.00,0,0.0,,0.00,,
2022cmptx,frc2383,2383,2022cmptx-2383,Ninjineers,,,,,,0.00,,0,0.00,0.00,0.00,0.00,0.00,0.00,0.00,0,0,0,0,0,0.00%,0.00%,0,0,0,0,0,0,0,0,0,0,_,,,,,0,0.00,0,0.0,,0.00,,
2022cmptx,frc2438,2438,2022cmptx-2438,'Iobotics,,,,,,0.00,,0,0.00,0.00,0.00,0.00,0.00,0.00,0.00,0,0,0,0,0,0.00%,0.00%,0,0,0,0,0,0,0,0,0,0,_,,,,,0,0.00,0,0.0,,0.00,,
2022cmptx,frc2468,2468,2022cmptx-2468,Team Appreciate,,,,,,0.00,,0,0.00,0.00,0.00,0.00,0.00,0.00,0.00,0,0,0,0,0,0.00%,0.00%,0,0,0,0,0,0,0,0,0,0,_,,,,,0,0.00,0,0.0,,0.00,,
2022cmptx,frc2471,2471,2022cmptx-2471,Team Mean Machine,,,,,,0.00,,0,0.00,0.00,0.00,0.00,0.00,0.00,0.00,0,0,0,0,0,0.00%,0.00%,0,0,0,0,0,0,0,0,0,0,_,,,,,0,0.00,0,0.0,,0.00,,
2022cmptx,frc2486,2486,2022cmptx-2486,CocoNuts,,,,,,0.00,,0,0.00,0.00,0.00,0.00,0.00,0.00,0.00,0,0,0,0,0,0.00%,0.00%,0,0,0,0,0,0,0,0,0,0,_,,,,,0,0.00,0,0.0,,0.00,,
2022cmptx,frc2539,2539,2022cmptx-2539,Krypton Cougars,,,,,,0.00,,0,0.00,0.00,0.00,0.00,0.00,0.00,0.00,0,0,0,0,0,0.00%,0.00%,0,0,0,0,0,0,0,0,0,0,_,,,,,0,0.00,0,0.0,,0.00,,
2022cmptx,frc254,254,2022cmptx-254,The Cheesy Poofs,,,,,,0.00,,0,0.00,0.00,0.00,0.00,0.00,0.00,0.00,0,0,0,0,0,0.00%,0.00%,0,0,0,0,0,0,0,0,0,0,_,,,,,0,0.00,0,0.0,,0.00,,
2022cmptx,frc2834,2834,2022cmptx-2834,Bionic Black Hawks,,,,,,0.00,,0,0.00,0.00,0.00,0.00,0.00,0.00,0.00,0,0,0,0,0,0.00%,0.00%,0,0,0,0,0,0,0,0,0,0,_,,,,,0,0.00,0,0.0,,0.00,,
2022cmptx,frc2905,2905,2022cmptx-2905,Sultans of Turkiye,,,,,,0.00,,0,0.00,0.00,0.00,0.00,0.00,0.00,0.00,0,0,0,0,0,0.00%,0.00%,0,0,0,0,0,0,0,0,0,0,_,,,,,0,0.00,0,0.0,,0.00,,
2022cmptx,frc2910,2910,2022cmptx-2910,Jack in the Bot,,,,,,0.00,,0,0.00,0.00,0.00,0.00,0.00,0.00,0.00,0,0,0,0,0,0.00%,0.00%,0,0,0,0,0,0,0,0,0,0,_,,,,,0,0.00,0,0.0,,0.00,,
2022cmptx,frc3175,3175,2022cmptx-3175,Knight Vision,,,,,,0.00,,0,0.00,0.00,0.00,0.00,0.00,0.00,0.00,0,0,0,0,0,0.00%,0.00%,0,0,0,0,0,0,0,0,0,0,_,,,,,0,0.00,0,0.0,,0.00,,
2022cmptx,frc3534,3534,2022cmptx-3534,House of Cards,,,,,,0.00,,0,0.00,0.00,0.00,0.00,0.00,0.00,0.00,0,0,0,0,0,0.00%,0.00%,0,0,0,0,0,0,0,0,0,0,_,,,,,0,0.00,0,0.0,,0.00,,
2022cmptx,frc3603,3603,2022cmptx-3603,Cyber Coyotes,,,,,,0.00,,0,0.00,0.00,0.00,0.00,0.00,0.00,0.00,0,0,0,0,0,0.00%,0.00%,0,0,0,0,0,0,0,0,0,0,_,,,,,0,0.00,0,0.0,,0.00,,
2022cmptx,frc3928,3928,2022cmptx-3928,Team Neutrino,,,,,,0.00,,0,0.00,0.00,0.00,0.00,0.00,0.00,0.00,0,0,0,0,0,0.00%,0.00%,0,0,0,0,0,0,0,0,0,0,_,,,,,0,0.00,0,0.0,,0.00,,
2022cmptx,frc4099,4099,2022cmptx-4099,The Falcons,,,,,,0.00,,0,0.00,0.00,0.00,0.00,0.00,0.00,0.00,0,0,0,0,0,0.00%,0.00%,0,0,0,0,0,0,0,0,0,0,_,,,,,0,0.00,0,0.0,,0.00,,
2022cmptx,frc4153,4153,2022cmptx-4153,Project Y,,,,,,0.00,,0,0.00,0.00,0.00,0.00,0.00,0.00,0.00,0,0,0,0,0,0.00%,0.00%,0,0,0,0,0,0,0,0,0,0,_,,,,,0,0.00,0,0.0,,0.00,,
2022cmptx,frc4213,4213,2022cmptx-4213,MetalCow Robotics,,,,,,0.00,,0,0.00,0.00,0.00,0.00,0.00,0.00,0.00,0,0,0,0,0,0.00%,0.00%,0,0,0,0,0,0,0,0,0,0,_,,,,,0,0.00,0,0.0,,0.00,,
2022cmptx,frc4414,4414,2022cmptx-4414,HighTide,,,,,,0.00,,0,0.00,0.00,0.00,0.00,0.00,0.00,0.00,0,0,0,0,0,0.00%,0.00%,0,0,0,0,0,0,0,0,0,0,_,,,,,0,0.00,0,0.0,,0.00,,
2022cmptx,frc5188,5188,2022cmptx-5188,Area 5188: Classified Robotics,,,,,,0.00,,0,0.00,0.00,0.00,0.00,0.00,0.00,0.00,0,0,0,0,0,0.00%,0.00%,0,0,0,0,0,0,0,0,0,0,_,,,,,0,0.00,0,0.0,,0.00,,
2022cmptx,frc5338,5338,2022cmptx-5338,ACL RoboLoCo,,,,,,0.00,,0,0.00,0.00,0.00,0.00,0.00,0.00,0.00,0,0,0,0,0,0.00%,0.00%,0,0,0,0,0,0,0,0,0,0,_,,,,,0,0.00,0,0.0,,0.00,,
2022cmptx,frc5454,5454,2022cmptx-5454,Obsidian,,,,,,0.00,,0,0.00,0.00,0.00,0.00,0.00,0.00,0.00,0,0,0,0,0,0.00%,0.00%,0,0,0,0,0,0,0,0,0,0,_,,,,,0,0.00,0,0.0,,0.00,,
2022cmptx,frc5804,5804,2022cmptx-5804,TORCH,,,,,,0.00,,0,0.00,0.00,0.00,0.00,0.00,0.00,0.00,0,0,0,0,0,0.00%,0.00%,0,0,0,0,0,0,0,0,0,0,_,,,,,0,0.00,0,0.0,,0.00,,
2022cmptx,frc5940,5940,2022cmptx-5940,BREAD,,,,,,0.00,,0,0.00,0.00,0.00,0.00,0.00,0.00,0.00,0,0,0,0,0,0.00%,0.00%,0,0,0,0,0,0,0,0,0,0,_,,,,,0,0.00,0,0.0,,0.00,,
2022cmptx,frc604,604,2022cmptx-604,Quixilver,,,,,,0.00,,0,0.00,0.00,0.00,0.00,0.00,0.00,0.00,0,0,0,0,0,0.00%,0.00%,0,0,0,0,0,0,0,0,0,0,_,,,,,0,0.00,0,0.0,,0.00,,
2022cmptx,frc6328,6328,2022cmptx-6328,Mechanical Advantage,,,,,,0.00,,0,0.00,0.00,0.00,0.00,0.00,0.00,0.00,0,0,0,0,0,0.00%,0.00%,0,0,0,0,0,0,0,0,0,0,_,,,,,0,0.00,0,0.0,,0.00,,
2022cmptx,frc6429,6429,2022cmptx-6429,4th Dimension,,,,,,0.00,,0,0.00,0.00,0.00,0.00,0.00,0.00,0.00,0,0,0,0,0,0.00%,0.00%,0,0,0,0,0,0,0,0,0,0,_,,,,,0,0.00,0,0.0,,0.00,,
2022cmptx,frc6652,6652,2022cmptx-6652,Tigres,,,,,,0.00,,0,0.00,0.00,0.00,0.00,0.00,0.00,0.00,0,0,0,0,0,0.00%,0.00%,0,0,0,0,0,0,0,0,0,0,_,,,,,0,0.00,0,0.0,,0.00,,
2022cmptx,frc6672,6672,2022cmptx-6672,Fusion Corps,,,,,,0.00,,0,0.00,0.00,0.00,0.00,0.00,0.00,0.00,0,0,0,0,0,0.00%,0.00%,0,0,0,0,0,0,0,0,0,0,_,,,,,0,0.00,0,0.0,,0.00,,
2022cmptx,frc8027,8027,2022cmptx-8027,Not the Droids You Are Looking For,,,,,,0.00,,0,0.00,0.00,0.00,0.00,0.00,0.00,0.00,0,0,0,0,0,0.00%,0.00%,0,0,0,0,0,0,0,0,0,0,_,,,,,0,0.00,0,0.0,,0.00,,
2022cmptx,frc871,871,2022cmptx-871,Robotechs,,,,,,0.00,,0,0.00,0.00,0.00,0.00,0.00,0.00,0.00,0,0,0,0,0,0.00%,0.00%,0,0,0,0,0,0,0,0,0,0,_,,,,,0,0.00,0,0.0,,0.00,,
2022cmptx,frc973,973,2022cmptx-973,Greybots,,,,,,0.00,,0,0.00,0.00,0.00,0.00,0.00,0.00,0.00,0,0,0,0,0,0.00%,0.00%,0,0,0,0,0,0,0,0,0,0,_,,,,,0,0.00,0,0.0,,0.00,,